"schema_version","requirement_id","status","type_code","parameter_name","parameter_scope","parameter_source","shared_parameter_guid","revit_builtin_parameter","data_type","unit","required","value","allowed_values","information_purpose","delivery_milestone","responsible_party","validation_rule","classification_reference","notes"
"1.0","PR-0001","APPROVED","ARC-WAL-EXT-WA01-MON-250","Type Code","TYPE","SHARED","11111111-1111-1111-1111-111111111111","","TEXT","","TRUE","ARC-WAL-EXT-WA01-MON-250","","Identification and coordination","M2","Architecture","EQUALS_TYPE_CODE","Uniclass Ss_25_10_30_35","Replace the sample GUID with the approved shared-parameter GUID"
"1.0","PR-0002","APPROVED","ARC-WAL-EXT-WA01-MON-250","Function","TYPE","BUILT_IN","","FUNCTION_PARAM","INTEGER","","TRUE","Exterior","Interior|Exterior","Energy and envelope coordination","M2","Architecture","IN_ALLOWED_VALUES","Uniclass Ss_25_10_30_35","Use the built-in parameter identifier instead of a translated UI label"
"1.0","PR-0003","APPROVED","ARC-DOR-INT-DR01-SGL-900X2100","Width","TYPE","BUILT_IN","","DOOR_WIDTH","LENGTH","mm","TRUE","900","","Access coordination","M3","Architecture","NUMERIC_EQUALS","Uniclass Pr_30_59_24",""
"1.0","PR-0004","APPROVED","ARC-DOR-INT-DR01-SGL-900X2100","Height","TYPE","BUILT_IN","","DOOR_HEIGHT","LENGTH","mm","TRUE","2100","","Access coordination","M3","Architecture","NUMERIC_EQUALS","Uniclass Pr_30_59_24",""
"1.0","PR-0005","APPROVED","STR-COL-STR-RC01-REC-300X300","Structural Material","TYPE","BUILT_IN","","STRUCTURAL_MATERIAL_PARAM","MATERIAL","","TRUE","Concrete","Concrete","Structural analysis","M3","Structural","MATERIAL_MATCH","Uniclass Ss_20_10_75","Map to the project material identifier"
"1.0","PR-0006","APPROVED","HID-PIP-WAT-HD01-PPR-25","System Classification","TYPE","BUILT_IN","","RBS_PIPING_SYSTEM_TYPE_PARAM","TEXT","","TRUE","Domestic Cold Water","Domestic Cold Water","Hydraulic coordination","M3","Hydraulic","EQUALS","Uniclass Pr_65_52_63",""
"1.0","PR-0007","APPROVED","MEC-DCT-SUP-MC01-RECT-400X200","System Classification","TYPE","BUILT_IN","","RBS_DUCT_SYSTEM_TYPE_PARAM","TEXT","","TRUE","Supply Air","Supply Air","Mechanical coordination","M3","Mechanical","EQUALS","Uniclass Pr_65_67_18",""
"1.0","PR-0008","APPROVED","ELE-CAB-POW-EL01-PERF-300X60","Service Zone","INSTANCE","SHARED","22222222-2222-2222-2222-222222222222","","TEXT","","TRUE","","POWER|DATA|FIRE|SECURITY","Electrical coordination","M3","Electrical","IN_ALLOWED_VALUES","Uniclass Pr_65_70_11","Replace the sample GUID with the approved shared-parameter GUID"
"1.0","PR-0009","APPROVED","FIR-SPR-FIR-FF01-PEND-K80","Flow Coefficient","TYPE","SHARED","33333333-3333-3333-3333-333333333333","","NUMBER","","TRUE","80","","Fire protection design","M3","Fire Protection","NUMERIC_EQUALS","Uniclass Pr_70_55_80","Replace the sample GUID with the approved shared-parameter GUID"
